股票代码:ID,股票名称,:LABEL
600051,宁波联合,股票
600209,罗顿发展,股票
600212,江泉实业,股票
600256,广汇能源,股票
600576,祥源文化,股票
600603,广汇物流,股票
600614,鹏起科技,股票
600620,天宸股份,股票
600622,光大嘉宝,股票
600624,复旦复华,股票
600647,同达创业,股票
600656,退市博元,股票
600687,刚泰控股,股票
600701,工大高新,股票
600730,中国高科,股票
600770,综艺股份,股票
600777,新潮能源,股票
600800,天津磁卡,股票
600805,悦达投资,股票
600811,东方集团,股票
600832,东方明珠,股票
600846,同济科技,股票
600892,大晟文化,股票
000008,神州高铁,股票
000301,东方市场,股票
000576,广东甘化,股票
000632,三木集团,股票
000633,合金投资,股票
000652,泰达股份,股票
000701,厦门信达,股票
000839,中信国安,股票
000881,中广核技,股票
000909,数源科技,股票
600003,ST东北高,股票
600012,皖通高速,股票
600020,中原高速,股票
600033,福建高速,股票
600035,楚天高速,股票
600106,重庆路桥,股票
600269,赣粤高速,股票
600350,山东高速,股票
600368,五洲交通,股票
600377,宁沪高速,股票
600548,深高速,股票
601107,四川成渝,股票
601188,龙江交通,股票
601518,吉林高速,股票
000429,粤高速Ａ,股票
000548,湖南投资,股票
000828,东莞控股,股票
000886,海南高速,股票
000900,现代投资,股票
000916,华北高速,股票
600061,国投资本,股票
600063,皖维高新,股票
600527,江南高纤,股票
600810,神马股份,股票
600889,南京化纤,股票
601113,华鼎股份,股票
601233,桐昆股份,股票
000420,吉林化纤,股票
000584,哈工智能,股票
000615,京汉股份,股票
000677,恒天海龙,股票
000687,华讯方舟,股票
000703,恒逸石化,股票
000782,美达股份,股票
000936,华西股份,股票
000949,新乡化纤,股票
000976,华铁股份,股票
002015,霞客环保,股票
002064,华峰氨纶,股票
002080,中材科技,股票
002172,澳洋科技,股票
002206,海 利 得,股票
002254,泰和新材,股票
002427,尤夫股份,股票
002493,荣盛石化,股票
300180,华峰超纤,股票
600031,三一重工,股票
600114,东睦股份,股票
600149,*ST坊展,股票
600169,太原重工,股票
600218,全柴动力,股票
600243,青海华鼎,股票
600262,北方股份,股票
600320,振华重工,股票
600346,恒力股份,股票
600388,龙净环保,股票
600421,仰帆控股,股票
600435,北方导航,股票
600475,华光股份,股票
600499,科达洁能,股票
600520,文一科技,股票
600526,菲达环保,股票
600579,天华院,股票
600582,天地科技,股票
600592,龙溪股份,股票
600619,海立股份,股票
600710,ST常林,股票
600761,安徽合力,股票
600765,中航重机,股票
600806,*ST昆机,股票
600815,*ST厦工,股票
600841,上柴股份,股票
600855,航天长峰,股票
600860,*ST京城,股票
600984,建设机械,股票
601002,晋亿实业,股票
601038,一拖股份,股票
601100,恒立液压,股票
601106,*ST一重,股票
601177,杭齿前进,股票
601218,吉鑫科技,股票
601226,华电重工,股票
601268,*ST二重,股票
601369,陕鼓动力,股票
601608,中信重工,股票
601717,郑煤机,股票
601798,蓝科高新,股票
603011,合锻智能,股票
603012,创力集团,股票
603088,宁波精达,股票
603169,兰石重装,股票
603308,应流股份,股票
603315,福鞍股份,股票
603318,派思股份,股票
603338,浙江鼎力,股票
603355,莱克电气,股票
603698,航天工程,股票
603699,纽威股份,股票
603789,星光农机,股票
000039,中集集团,股票
000157,中联重科,股票
000404,华意压缩,股票
000410,*ST沈机,股票
000425,徐工机械,股票
000519,中兵红箭,股票
000528,柳 工,股票
000530,大冷股份,股票
000551,创元科技,股票
000570,苏常柴Ａ,股票
000595,*ST宝实,股票
000617,中油资本,股票
000678,襄阳轴承,股票
000680,山推股份,股票
000777,中核科技,股票
000811,冰轮环境,股票
000816,智慧农业,股票
000821,京山轻机,股票
000837,秦川机床,股票
000852,石化机械,股票
000856,冀东装备,股票
000880,潍柴重机,股票
000903,云内动力,股票
000923,河北宣工,股票
000925,众合科技,股票
002006,精功科技,股票
002009,天奇股份,股票
002011,盾安环境,股票
002026,山东威达,股票
002046,轴研科技,股票
002050,三花智控,股票
002097,山河智能,股票
002101,广东鸿图,股票
002122,天马股份,股票
002131,利欧股份,股票
002147,新光圆成,股票
002150,通润装备,股票
002158,汉钟精机,股票
002204,大连重工,股票
002209,达 意 隆,股票
002248,*ST东数,股票
002255,海陆重工,股票
002270,华明装备,股票
002272,川润股份,股票
002278,神开股份,股票
002282,博深工具,股票
002328,新朋股份,股票
002337,赛象科技,股票
002342,巨力索具,股票
002347,泰尔股份,股票
002353,杰瑞股份,股票
002366,台海核电,股票
002413,雷科防务,股票
002418,康盛股份,股票
002430,杭氧股份,股票
002435,长江润发,股票
002438,江苏神通,股票
002444,巨星科技,股票
002445,中南文化,股票
002459,天业通联,股票
002472,双环传动,股票
002480,新筑股份,股票
002483,润邦股份,股票
002490,*ST墨龙,股票
002499,科林环保,股票
002509,天广中茂,股票
002514,宝馨科技,股票
002520,日发精机,股票
002523,天桥起重,股票
002526,山东矿机,股票
002529,海源机械,股票
002530,金财互联,股票
002532,新界泵业,股票
002534,杭锅股份,股票
002535,林州重机,股票
002537,海联金汇,股票
002552,宝鼎科技,股票
002553,南方轴承,股票
002559,亚威股份,股票
002564,天沃科技,股票
002591,恒大高新,股票
002595,豪迈科技,股票
002598,山东章鼓,股票
002611,东方精工,股票
002613,北玻股份,股票
002621,三垒股份,股票
002630,华西能源,股票
002633,申科股份,股票
002639,雪人股份,股票
002645,华宏科技,股票
002651,利君股份,股票
002667,鞍重股份,股票
002680,长生生物,股票
002685,华东重机,股票
002686,亿利达,股票
002690,美亚光电,股票
002691,冀凯股份,股票
002698,博实股份,股票
002747,埃斯顿,股票
300023,宝德股份,股票
300024,机器人,股票
300035,中科电气,股票
300056,三维丝,股票
300090,盛运环保,股票
300091,金通灵,股票
300092,科新机电,股票
300095,华伍股份,股票
300103,达刚路机,股票
300116,坚瑞沃能,股票
300126,锐奇股份,股票
300145,中金环境,股票
300151,昌红科技,股票
300152,科融环境,股票
300159,新研股份,股票
300161,华中数控,股票
300173,智慧松德,股票
300185,通裕重工,股票
300193,佳士科技,股票
300195,长荣股份,股票
300201,海伦哲,股票
300202,聚龙股份,股票
300210,森远股份,股票
300228,富瑞特装,股票
300249,依米康,股票
300257,开山股份,股票
300260,新莱应材,股票
300263,隆华节能,股票
300266,兴源环境,股票
300272,开能环保,股票
300276,三丰智能,股票
300278,华昌达,股票
300280,南通锻压,股票
300281,金明精机,股票
300293,蓝英装备,股票
300307,慈星股份,股票
300308,中际旭创,股票
300309,吉艾科技,股票
300316,晶盛机电,股票
300334,津膜科技,股票
300358,楚天科技,股票
300362,天翔环境,股票
300368,汇金股份,股票
300382,斯莱克,股票
300385,雪浪环境,股票
300391,康跃科技,股票
300400,劲拓股份,股票
300402,宝色股份,股票
300411,金盾股份,股票
300415,伊之密,股票
300420,五洋科技,股票
300421,力星股份,股票
300425,环能科技,股票
300427,红相电力,股票
300434,金石东方,股票
300435,中泰股份,股票
300441,鲍斯股份,股票
300442,普丽盛,股票
300443,金雷风电,股票
600062,华润双鹤,股票
600079,人福医药,股票
600080,金花股份,股票
600085,同仁堂,股票
600129,太极集团,股票
600161,天坛生物,股票
600196,复星医药,股票
600200,江苏吴中,股票
600201,生物股份,股票
600211,西藏药业,股票
600216,浙江医药,股票
600222,太龙药业,股票
600252,中恒集团,股票
600253,天方药业,股票
600267,海正药业,股票
600276,恒瑞医药,股票
600285,羚锐制药,股票
600329,中新药业,股票
600332,白云山,股票
600351,亚宝药业,股票
600380,健康元,股票
600420,现代制药,股票
600422,昆药集团,股票
600436,片仔癀,股票
600466,蓝光发展,股票
600479,千金药业,股票
600488,天药股份,股票
600513,联环药业,股票
600518,康美药业,股票
600521,华海药业,股票
600530,交大昂立,股票
600535,天士力,股票
600557,康缘药业,股票
600566,济川药业,股票
600572,康恩贝,股票
600594,益佰制药,股票
600613,神奇制药,股票
600645,中源协和,股票
600664,哈药股份,股票
600666,奥瑞德,股票
600671,天目药业,股票
600750,江中药业,股票
600771,广誉远,股票
600781,辅仁药业,股票
600789,鲁抗医药,股票
600812,华北制药,股票
600829,人民同泰,股票
600867,通化东宝,股票
600976,健民集团,股票
600993,马应龙,股票
603168,莎普爱思,股票
603222,济民制药,股票
603456,九洲药业,股票
603567,珍宝岛,股票
603998,方盛制药,股票
000004,国农科技,股票
000078,海王生物,股票
000153,丰原药业,股票
000403,ST生化,股票
000423,东阿阿胶,股票
000513,丽珠集团,股票
000518,四环生物,股票
000522,白云山A,股票
000538,云南白药,股票
000566,海南海药,股票
000590,启迪古汉,股票
000597,东北制药,股票
000606,神州易桥,股票
000623,吉林敖东,股票
000650,仁和药业,股票
000661,长春高新,股票
000739,普洛药业,股票
000756,新华制药,股票
000766,通化金马,股票
000788,北大医药,股票
000790,泰合健康,股票
000908,景峰医药,股票
000915,山大华特,股票
000919,金陵药业,股票
000952,广济药业,股票
000963,华东医药,股票
000989,九 芝 堂,股票
000999,华润三九,股票
002001,新 和 成,股票
002007,华兰生物,股票
002019,亿帆医药,股票
002020,京新药业,股票
002022,科华生物,股票
002030,达安基因,股票
002038,双鹭药业,股票
002099,海翔药业,股票
002107,沃华医药,股票
002118,紫鑫药业,股票
002166,莱茵生物,股票
002198,嘉应制药,股票
002219,恒康医疗,股票
002252,上海莱士,股票
002262,恩华药业,股票
002275,桂林三金,股票
002287,奇正藏药,股票
002294,信立泰,股票
002317,众生药业,股票
002332,仙琚制药,股票
002349,精华制药,股票
002365,永安药业,股票
002370,亚太药业,股票
002390,信邦制药,股票
002393,力生制药,股票
002399,海普瑞,股票
002412,汉森制药,股票
002422,科伦药业,股票
002424,贵州百灵,股票
002433,太安堂,股票
002437,誉衡药业,股票
002550,千红制药,股票
002566,益盛药业,股票
002603,以岭药业,股票
002644,佛慈制药,股票
002653,海思科,股票
002675,东诚药业,股票
002688,金河生物,股票
002693,双成药业,股票
002727,一心堂,股票
002728,特一药业,股票
002737,葵花药业,股票
002750,龙津药业,股票
300006,莱美药业,股票
300009,安科生物,股票
300016,北陆药业,股票
300026,红日药业,股票
300039,上海凯宝,股票
300049,福瑞股份,股票
300086,康芝药业,股票
300110,华仁药业,股票
300119,瑞普生物,股票
300122,智飞生物,股票
300142,沃森生物,股票
300147,香雪制药,股票
300158,振东制药,股票
300181,佐力药业,股票
300194,福安药业,股票
300199,翰宇药业,股票
300204,舒泰神,股票
300233,金城医药,股票
300239,东宝生物,股票
300254,仟源医药,股票
300255,常山药业,股票
300267,尔康制药,股票
300289,利德曼,股票
300294,博雅生物,股票
300357,我武生物,股票
300363,博腾股份,股票
300406,九强生物,股票
300436,广生堂,股票
300439,美康生物,股票
600002,齐鲁石化,股票
600028,中国石化,股票
600387,海越股份,股票
600583,海油工程,股票
600688,上海石化,股票
600759,洲际油气,股票
600871,石化油服,股票
601808,中海油服,股票
601857,中国石油,股票
603003,龙宇燃油,股票
000059,华锦股份,股票
000096,广聚能源,股票
000159,国际实业,股票
000554,泰山石油,股票
000637,茂化实华,股票
000819,岳阳兴长,股票
002207,*ST准油,股票
002221,东华能源,股票
002554,惠博普,股票
002629,仁智股份,股票
300084,海默科技,股票
300157,恒泰艾普,股票
300164,通源石油,股票
300191,潜能恒信,股票
600176,中国巨石,股票
600184,光电股份,股票
600293,三峡新材,股票
600529,山东药玻,股票
600552,凯盛科技,股票
600586,金晶科技,股票
600629,华建集团,股票
600819,耀皮玻璃,股票
600876,洛阳玻璃,股票
601636,旗滨集团,股票
603021,山东华鹏,股票
603601,再升科技,股票
000012,南 玻Ａ,股票
002571,*ST德力,股票
002623,亚玛顿,股票
300093,金刚玻璃,股票
300160,秀强股份,股票
300196,长海股份,股票
300395,菲利华,股票
600366,宁波韵升,股票
600651,飞乐音响,股票
600848,上海临港,股票
601222,林洋能源,股票
601567,三星医疗,股票
603100,川仪股份,股票
000676,智度股份,股票
000980,众泰汽车,股票
000988,华工科技,股票
002008,大族激光,股票
002058,威 尔 泰,股票
002121,科陆电子,股票
002175,东方网络,股票
002197,证通电子,股票
002214,大立科技,股票
002236,大华股份,股票
002338,奥普光电,股票
002356,赫美集团,股票
002414,高德红外,股票
002415,海康威视,股票
002518,科士达,股票
002527,新时达,股票
002658,雪迪龙,股票
300007,汉威科技,股票
300012,华测检测,股票
300066,三川智慧,股票
300097,智云股份,股票
300099,精准信息,股票
300105,龙源技术,股票
300112,万讯自控,股票
300124,汇川技术,股票
300137,先河环保,股票
300165,天瑞仪器,股票
300203,聚光科技,股票
300259,新天科技,股票
300286,安科瑞,股票
300306,远方信息,股票
300338,开元股份,股票
300349,金卡智能,股票
300354,东华测试,股票
300360,炬华科技,股票
300370,安控科技,股票
300371,汇中股份,股票
300410,正业科技,股票
300416,苏试试验,股票
300417,南华仪器,股票
300430,诚益通,股票
300445,康斯特,股票
600004,白云机场,股票
600009,上海机场,股票
600017,日照港,股票
600018,上港集团,股票
600026,中远海能,股票
600029,南方航空,股票
600057,象屿股份,股票
600087,退市长油,股票
600115,东方航空,股票
600119,长江投资,股票
600125,铁龙物流,股票
600180,瑞茂通,股票
600190,锦州港,股票
600221,海航控股,股票
600242,中昌数据,股票
600270,外运发展,股票
600279,重庆港九,股票
600317,营口港,股票
600386,北巴传媒,股票
600428,中远海特,股票
600495,晋西车轴,股票
600561,江西长运,股票
600575,皖江物流,股票
600611,大众交通,股票
600650,锦江投资,股票
600662,强生控股,股票
600692,亚通股份,股票
600708,光明地产,股票
600717,天津港,股票
600751,天海投资,股票
600787,中储股份,股票
600794,保税科技,股票
600798,宁波海运,股票
600834,申通地铁,股票
600835,上海机电,股票
600894,广日股份,股票
600896,览海投资,股票
600897,厦门空港,股票
600967,内蒙一机,股票
601000,唐山港,股票
601006,大秦铁路,股票
601008,连云港,股票
601018,宁波港,股票
601021,春秋航空,股票
601111,中国国航,股票
601299,中国北车,股票
601313,江南嘉捷,股票
601333,广深铁路,股票
601766,中国中车,股票
601866,中远海发,股票
601872,招商轮船,股票
601880,大连港,股票
601919,中远海控,股票
603111,康尼机电,股票
603128,华贸物流,股票
603167,渤海轮渡,股票
603611,诺力股份,股票
000022,深赤湾Ａ,股票
000088,盐 田 港,股票
000089,深圳机场,股票
000099,中信海直,股票
000421,南京公用,股票
000507,珠海港,股票
000520,长航凤凰,股票
000582,北部湾港,股票
000594,国恒退,股票
000905,厦门港务,股票
000920,南方汇通,股票
000996,中国中期,股票
002040,南 京 港,股票
002183,怡 亚 通,股票
002210,飞马国际,股票
002245,澳洋顺昌,股票
002320,海峡股份,股票
002357,富临运业,股票
002367,康力电梯,股票
002448,中原内配,股票
002492,恒基达鑫,股票
002592,八菱科技,股票
002627,宜昌交运,股票
002682,龙洲股份,股票
002689,远大智能,股票
002711,欧浦智网,股票
300011,鼎汉技术,股票
300013,新宁物流,股票
300240,飞力达,股票
300350,华鹏飞,股票
600038,中直股份,股票
600118,中国卫星,股票
600316,洪都航空,股票
600343,航天动力,股票
600372,中航电子,股票
600391,航发科技,股票
600879,航天电子,股票
600893,航发动力,股票
000738,航发控制,股票
000768,中航飞机,股票
000901,航天科技,股票
002023,海特高新,股票
002111,威海广泰,股票
300424,航新科技,股票
600097,开创国际,股票
600108,亚盛集团,股票
600127,金健米业,股票
600189,吉林森工,股票
600195,中牧股份,股票
600251,冠农股份,股票
600257,大湖股份,股票
600265,ST景谷,股票
600275,*ST昌鱼,股票
600313,农发种业,股票
600354,敦煌种业,股票
600359,新农开发,股票
600371,万向德农,股票
600438,通威股份,股票
600467,好当家,股票
600506,香梨股份,股票
600540,*ST新赛,股票
600598,北大荒,股票
600965,福成股份,股票
600975,新五丰,股票
601996,丰林集团,股票
603609,禾丰牧业,股票
000048,康达尔,股票
000061,农 产 品,股票
000592,平潭发展,股票
000663,永安林业,股票
000702,正虹科技,股票
000713,丰乐种业,股票
000735,罗 牛 山,股票
000798,中水渔业,股票
000876,新 希 望,股票
000998,隆平高科,股票
002041,登海种业,股票
002069,獐子岛,股票
002086,东方海洋,股票
002100,天康生物,股票
002124,天邦股份,股票
002157,正邦科技,股票
002173,创新医疗,股票
002234,民和股份,股票
002299,圣农发展,股票
002311,海大集团,股票
002321,华英农业,股票
002385,大北农,股票
002447,壹桥股份,股票
002458,益生股份,股票
002477,雏鹰农牧,股票
002505,大康农业,股票
002548,金新农,股票
002567,唐人神,股票
002679,福建金森,股票
002696,百洋股份,股票
002714,牧原股份,股票
002746,仙坛股份,股票
300021,大禹节水,股票
300087,荃银高科,股票
300094,国联水产,股票
300106,西部牧业,股票
300143,星普医科,股票
300186,大华农,股票
300189,神农基因,股票
300268,佳沃股份,股票
300313,天山生物,股票
300381,溢多利,股票
600039,四川路桥,股票
600068,葛洲坝,股票
600170,上海建工,股票
600248,延长化建,股票
600263,路桥建设,股票
600284,浦东建设,股票
600321,正源股份,股票
600326,西藏天路,股票
600491,龙元建设,股票
600502,安徽水利,股票
600512,腾达建设,股票
600528,中铁工业,股票
600545,卓郎智能,股票
600634,富控互动,股票
600681,百川能源,股票
600820,隧道股份,股票
600853,龙建股份,股票
600970,中材国际,股票
600986,科达股份,股票
601117,中国化学,股票
601186,中国铁建,股票
601390,中国中铁,股票
601618,中国中冶,股票
601668,中国建筑,股票
601669,中国电建,股票
601789,宁波建工,股票
601800,中国交建,股票
601886,江河集团,股票
603017,中衡设计,股票
603018,中设集团,股票
603030,全筑股份,股票
603828,柯利达,股票
603969,银龙股份,股票
000010,美丽生态,股票
000023,深天地Ａ,股票
000055,方大集团,股票
000065,北方国际,股票
000090,天健集团,股票
000498,山东路桥,股票
000509,华塑控股,股票
000619,海螺型材,股票
000786,北新建材,股票
000928,中钢国际,股票
000961,中南建设,股票
002043,兔 宝 宝,股票
002047,宝鹰股份,股票
002051,中工国际,股票
002060,粤 水 电,股票
002062,宏润建设,股票
002066,瑞泰科技,股票
002081,金 螳 螂,股票
002116,中国海诚,股票
002135,东南网架,股票
002140,东华科技,股票
002163,中航三鑫,股票
002178,延华智能,股票
002205,国统股份,股票
002225,濮耐股份,股票
002247,帝龙文化,股票
002271,东方雨虹,股票
002307,北新路桥,股票
002310,东方园林,股票
002314,南山控股,股票
002325,洪涛股份,股票
002372,伟星新材,股票
002375,亚厦股份,股票
002392,北京利尔,股票
002398,建研集团,股票
002431,棕榈股份,股票
002468,申通快递,股票
002469,三维工程,股票
002482,广田集团,股票
002542,中化岩土,股票
002586,围海股份,股票
002596,海南瑞泽,股票
002620,瑞和股份,股票
002628,成都路桥,股票
002652,扬子新材,股票
002659,中泰桥梁,股票
002663,普邦股份,股票
002671,龙泉股份,股票
002713,东易日盛,股票
002717,岭南园林,股票
002738,中矿资源,股票
002742,三圣股份,股票
300080,易成新能,股票
300117,嘉寓股份,股票
300163,先锋新材,股票
300284,苏交科,股票
300344,太空板业,股票
300374,恒通科技,股票
600143,金发科技,股票
600146,商赢环球,股票
600444,国机通用,股票
600458,时代新材,股票
600589,广东榕泰,股票
603806,福斯特,股票
000407,胜利股份,股票
000859,国风塑业,股票
000973,佛塑科技,股票
002002,鸿达兴业,股票
002108,沧州明珠,股票
002243,通产丽星,股票
002263,大 东 南,股票
002324,普利特,股票
002343,慈文传媒,股票
002420,毅昌股份,股票
002457,青龙管业,股票
002464,众应互联,股票
002522,浙江众成,股票
002585,双星新材,股票
002641,永高股份,股票
002676,顺威股份,股票
002694,顾地科技,股票
002735,王子新材,股票
300169,天晟新材,股票
300198,纳川股份,股票
300218,安利股份,股票
300221,银禧科技,股票
300230,永利股份,股票
300305,裕兴股份,股票
300321,同大股份,股票
300325,德威新材,股票
300393,中来股份,股票
600056,中国医药,股票
600122,宏图高科,股票
600136,当代明诚,股票
600280,中央商场,股票
600306,商业城,股票
600327,大东方,股票
600361,华联综超,股票
600415,小商品城,股票
600511,国药股份,股票
600515,海航基础,股票
600628,新世界,股票
600631,百联股份,股票
600655,豫园股份,股票
600682,南京新百,股票
600693,东百集团,股票
600694,大商股份,股票
600697,欧亚集团,股票
600712,南宁百货,股票
600713,南京医药,股票
600723,首商股份,股票
600729,重庆百货,股票
600738,兰州民百,股票
600753,东方银星,股票
600774,汉商集团,股票
600778,友好集团,股票
600785,新华百货,股票
600790,轻纺城,股票
600814,杭州解百,股票
600821,津劝业,股票
600824,益民集团,股票
600827,百联股份,股票
600828,茂业商业,股票
600833,第一医药,股票
600838,上海九百,股票
600856,中天能源,股票
600857,宁波中百,股票
600858,银座股份,股票
600859,王府井,股票
600861,北京城乡,股票
600865,百大集团,股票
600891,秋林集团,股票
600898,国美通讯,股票
600998,九州通,股票
601010,文峰股份,股票
601116,三江购物,股票
601607,上海医药,股票
601933,永辉超市,股票
603123,翠微股份,股票
603368,柳州医药,股票
603883,老百姓,股票
603939,益丰药房,股票
000026,飞亚达Ａ,股票
000028,国药一致,股票
000062,深圳华强,股票
000408,藏格控股,股票
000411,英特集团,股票
000416,民生控股,股票
000417,合肥百货,股票
000419,通程控股,股票
000501,鄂武商Ａ,股票
000516,国际医学,股票
000560,昆百大Ａ,股票
000564,供销大集,股票
000587,金洲慈航,股票
000591,太阳能,股票
000638,万方发展,股票
000679,大连友谊,股票
000705,浙江震元,股票
000715,中兴商业,股票
000759,中百集团,股票
000785,武汉中商,股票
000829,天音控股,股票
000882,华联股份,股票
000889,茂业通信,股票
000906,浙商中拓,股票
000987,越秀金控,股票
002024,苏宁云商,股票
002187,广百股份,股票
002251,步 步 高,股票
002264,新 华 都,股票
002277,友阿股份,股票
002336,人人乐,股票
002344,海宁皮城,股票
002416,爱施德,股票
002419,天虹股份,股票
002441,众业达,股票
002462,嘉事堂,股票
002556,辉隆股份,股票
002561,徐家汇,股票
002589,瑞康医药,股票
002697,红旗连锁,股票
300022,吉峰农机,股票
300413,快乐购,股票
600070,浙江富润,股票
600152,维科精华,股票
600156,华升股份,股票
600220,江苏阳光,股票
600232,金鹰股份,股票
600370,三房巷,股票
600448,华纺股份,股票
600493,凤竹纺织,股票
600626,申达股份,股票
600630,龙头股份,股票
600689,上海三毛,股票
600735,新华锦,股票
600851,海欣股份,股票
600987,航民股份,股票
601339,百隆东方,股票
601599,鹿港文化,股票
603558,健盛集团,股票
603889,新澳股份,股票
000018,神州长城,股票
000045,深纺织Ａ,股票
000158,常山北明,股票
000611,天首发展,股票
000726,鲁 泰Ａ,股票
000779,三毛派神,股票
000803,*ST金宇,股票
000813,德展健康,股票
000850,华茂股份,股票
000955,欣龙控股,股票
000971,高升控股,股票
000982,*ST 中绒,股票
002034,旺能环境,股票
002042,华孚时尚,股票
002070,*ST众和,股票
002072,凯瑞德,股票
002083,孚日股份,股票
002087,新野纺织,股票
002127,南极电商,股票
002144,宏达高科,股票
002193,如意集团,股票
002394,联发股份,股票
002404,嘉欣丝绸,股票
002516,旷达科技,股票
600055,万东医疗,股票
600297,广汇汽车,股票
600587,新华医疗,股票
600763,通策医疗,股票
603309,维力医疗,股票
000150,宜华健康,股票
002223,鱼跃医疗,股票
002382,蓝帆医疗,股票
002432,九安医疗,股票
002551,尚荣医疗,股票
002614,奥佳华,股票
300003,乐普医疗,股票
300015,爱尔眼科,股票
300030,阳普医疗,股票
300061,康旗股份,股票
300171,东富龙,股票
300206,理邦仪器,股票
300216,千山药机,股票
300238,冠昊生物,股票
300244,迪安诊断,股票
300246,宝莱特,股票
300247,乐金健康,股票
300273,和佳股份,股票
300298,三诺生物,股票
300314,戴维医疗,股票
300318,博晖创新,股票
300326,凯利泰,股票
300347,泰格医药,股票
300396,迪瑞医疗,股票
300404,博济医药,股票
300412,迦南科技,股票
600111,北方稀土,股票
600139,西部资源,股票
600205,S山东铝,股票
600219,南山铝业,股票
600255,梦舟股份,股票
600259,广晟有色,股票
600296,S兰铝,股票
600311,荣华实业,股票
600331,宏达股份,股票
600338,西藏珠峰,股票
600362,江西铜业,股票
600390,五矿资本,股票
600432,*ST吉恩,股票
600456,宝钛股份,股票
600459,贵研铂业,股票
600489,中金黄金,股票
600497,驰宏锌锗,股票
600531,豫光金铅,股票
600547,山东黄金,股票
600549,厦门钨业,股票
600595,中孚实业,股票
600673,东阳光科,股票
600711,盛屯矿业,股票
600714,金瑞矿业,股票
600768,宁波富邦,股票
600888,新疆众和,股票
600961,株冶集团,股票
601137,博威合金,股票
601168,西部矿业,股票
601600,中国铝业,股票
601677,明泰铝业,股票
601899,紫金矿业,股票
601958,金钼股份,股票
000060,中金岭南,股票
000426,兴业矿业,股票
000602,金马集团,股票
000603,盛达矿业,股票
000612,焦作万方,股票
000630,铜陵有色,股票
000657,中钨高新,股票
000697,炼石有色,股票
000751,锌业股份,股票
000758,中色股份,股票
000762,西藏矿业,股票
000807,云铝股份,股票
000831,五矿稀土,股票
000878,云南铜业,股票
000960,锡业股份,股票
000962,东方钽业,股票
002082,栋梁新材,股票
002114,罗平锌电,股票
002149,西部材料,股票
002155,湖南黄金,股票
002160,常铝股份,股票
002167,东方锆业,股票
002171,楚江新材,股票
002182,云海金属,股票
002203,海亮股份,股票
002237,恒邦股份,股票
002295,精艺股份,股票
002333,罗普斯金,股票
002340,格林美,股票
002378,章源钨业,股票
002379,宏创控股,股票
002428,云南锗业,股票
002460,赣锋锂业,股票
002501,利源精制,股票
002540,亚太科技,股票
002578,闽发铝业,股票
002617,露笑科技,股票
300034,钢研高纳,股票
600167,联美控股,股票
600168,武汉控股,股票
600187,国中水务,股票
600283,钱江水利,股票
600323,瀚蓝环境,股票
600333,长春燃气,股票
600461,洪城水业,股票
600617,国新能源,股票
600635,大众公用,股票
600649,城投控股,股票
600719,大连热电,股票
600758,红阳能源,股票
600917,重庆燃气,股票
600982,宁波热电,股票
601139,深圳燃气,股票
601158,重庆水务,股票
601199,江南水务,股票
000593,大通燃气,股票
000605,渤海股份,股票
000669,金鸿控股,股票
000685,中山公用,股票
000692,惠天热电,股票
000695,滨海能源,股票
002267,陕天然气,股票
002700,新疆浩源,股票
600089,特变电工,股票
600192,长城电工,股票
600268,国电南自,股票
600290,华仪电气,股票
600312,平高电气,股票
600416,湘电股份,股票
600517,置信电气,股票
600525,长园集团,股票
600550,保变电气,股票
600580,卧龙电气,股票
600590,泰豪科技,股票
600875,东方电气,股票
600973,宝胜股份,股票
601126,四方股份,股票
601179,中国西电,股票
601558,*ST锐电,股票
601700,风范股份,股票
601727,上海电气,股票
601877,正泰电器,股票
603333,明星电缆,股票
603618,杭电股份,股票
000400,许继电气,股票
000585,东北电气,股票
000682,东方电子,股票
000806,银河生物,股票
000967,盈峰环境,股票
002028,思源电气,股票
002074,国轩高科,股票
002112,三变科技,股票
002123,梦网集团,股票
002130,沃尔核材,股票
002168,深圳惠程,股票
002169,智光电气,股票
002202,金风科技,股票
002212,南洋股份,股票
002227,奥 特 迅,股票
002276,万马股份,股票
002300,太阳电缆,股票
002323,雅百特,股票
002350,北京科锐,股票
002358,森源电气,股票
002451,摩恩电气,股票
002471,中超控股,股票
002498,汉缆股份,股票
002531,天顺风能,股票
002533,金杯电工,股票
002560,通达股份,股票
002622,融钰集团,股票
002660,茂硕电源,股票
300001,特锐德,股票
300004,南风股份,股票
300018,中元股份,股票
300040,九洲电气,股票
300048,合康新能,股票
300062,中能电气,股票
300069,金利华电,股票
300120,经纬电材,股票
300125,易世达,股票
300129,泰胜风能,股票
300141,和顺电气,股票
300153,科泰电源,股票
300208,恒顺众昇,股票
300341,麦迪电气,股票
300372,欣泰退,股票
300444,双杰电气,股票
600069,银鸽投资,股票
600103,青山纸业,股票
600163,中闽能源,股票
600235,民丰特纸,股票
600308,华泰股份,股票
600356,恒丰纸业,股票
600433,冠豪高新,股票
600462,九有股份,股票
600567,山鹰纸业,股票
600793,宜宾纸业,股票
600963,岳阳林纸,股票
600966,博汇纸业,股票
000488,晨鸣纸业,股票
000815,美利云,股票
000820,神雾节能,股票
000833,贵糖股份,股票
002012,凯恩股份,股票
002067,景兴纸业,股票
002078,太阳纸业,股票
002235,安妮股份,股票
002303,美盈森,股票
002511,中顺洁柔,股票
002521,齐峰新材,股票
002565,顺灏股份,股票
600072,中船科技,股票
600150,中国船舶,股票
600685,中船防务,股票
601890,亚星锚链,股票
601989,中国重工,股票
002608,江苏国信,股票
300008,天海防务,股票
300123,太阳鸟,股票
600121,*ST郑煤,股票
600123,兰花科创,股票
600157,永泰能源,股票
600179,安通控股,股票
600188,兖州煤业,股票
600348,阳泉煤业,股票
600381,青海春天,股票
600395,盘江股份,股票
600397,安源煤业,股票
600403,*ST大有,股票
600408,安泰集团,股票
600508,上海能源,股票
600546,山煤国际,股票
600652,游久游戏,股票
600721,百花村,股票
600725,ST云维,股票
600740,山西焦化,股票
600792,云煤能源,股票
600971,恒源煤电,股票
600997,开滦股份,股票
601001,大同煤业,股票
601011,宝泰隆,股票
601015,陕西黑猫,股票
601088,中国神华,股票
601101,昊华能源,股票
601225,陕西煤业,股票
601666,平煤股份,股票
601699,潞安环能,股票
601898,中煤能源,股票
601918,新集能源,股票
000034,神州数码,股票
000552,靖远煤电,股票
000571,新大洲Ａ,股票
000723,美锦能源,股票
000780,*ST平能,股票
000933,神火股份,股票
000937,冀中能源,股票
000968,蓝焰控股,股票
000983,西山煤电,股票
002128,露天煤业,股票
600073,上海梅林,股票
600186,莲花健康,股票
600191,华资实业,股票
600260,凯乐科技,股票
600298,安琪酵母,股票
600300,维维股份,股票
600305,恒顺醋业,股票
600419,天润乳业,股票
600429,三元股份,股票
600597,光明乳业,股票
600695,绿庭投资,股票
600737,中粮糖业,股票
600866,星湖科技,股票
600872,中炬高新,股票
600873,梅花生物,股票
600887,伊利股份,股票
600962,国投中鲁,股票
603020,爱普股份,股票
603288,海天味业,股票
000019,深深宝Ａ,股票
000529,广弘控股,股票
000639,西王食品,股票
000716,黑芝麻,股票
000796,凯撒旅游,股票
000848,承德露露,股票
000893,东凌国际,股票
000895,双汇发展,股票
000911,南宁糖业,股票
000930,中粮生化,股票
000972,*ST中基,股票
002216,三全食品,股票
002220,天宝食品,股票
002286,保龄宝,股票
002329,皇氏集团,股票
002330,得利斯,股票
002387,黑牛食品,股票
002481,双塔食品,股票
002495,佳隆股份,股票
002507,涪陵榨菜,股票
002515,金字火腿,股票
002557,洽洽食品,股票
002568,百润股份,股票
002570,贝因美,股票
002582,好想你,股票
002604,龙力生物,股票
002626,金达威,股票
002650,加加食品,股票
002661,克明面业,股票
002695,煌上煌,股票
002702,海欣食品,股票
002719,麦趣尔,股票
002726,龙大肉食,股票
002732,燕塘乳业,股票
300138,晨光生物,股票
300146,汤臣倍健,股票
300149,量子高科,股票
300175,朗源股份,股票
300401,花园生物,股票
600145,*ST新亿,股票
600286,S*ST国瓷,股票
603268,松发股份,股票
002102,冠福股份,股票
002162,悦心健康,股票
300089,文化长城,股票
300234,开尔新材,股票
300409,道氏技术,股票
600302,标准股份,股票
600610,中毅达,股票
600843,上工申贝,股票
000666,经纬纺机,股票
002021,中捷资源,股票
002196,方正电机,股票
002722,金轮股份,股票
300384,三联虹普,股票
600001,邯郸钢铁,股票
600005,武钢股份,股票
600010,包钢股份,股票
600019,宝钢股份,股票
600022,山东钢铁,股票
600102,莱钢股份,股票
600117,西宁特钢,股票
600126,杭钢股份,股票
600165,新日恒力,股票
600193,创兴资源,股票
600231,凌钢股份,股票
600282,南钢股份,股票
600307,酒钢宏兴,股票
600357,承德钒钛,股票
600399,抚顺特钢,股票
600477,杭萧钢构,股票
600496,精工钢构,股票
600507,方大特钢,股票
600532,宏达矿业,股票
600558,大西洋,股票
600569,安阳钢铁,股票
600581,八一钢铁,股票
600782,新钢股份,股票
600784,鲁银投资,股票
600808,马钢股份,股票
600882,广泽股份,股票
600992,贵绳股份,股票
601003,柳钢股份,股票
601005,*ST重钢,股票
601028,玉龙股份,股票
601969,海南矿业,股票
000409,山东地矿,股票
000629,*ST钒钛,股票
000655,金岭矿业,股票
000708,大冶特钢,股票
000709,河钢股份,股票
000717,韶钢松山,股票
000761,本钢板材,股票
000778,新兴铸管,股票
000825,太钢不锈,股票
000890,法 尔 胜,股票
000898,鞍钢股份,股票
000932,*ST华菱,股票
000959,首钢股份,股票
000969,安泰科技,股票
002075,沙钢股份,股票
002110,三钢闽光,股票
002132,恒星科技,股票
002318,久立特材,股票
002359,北讯集团,股票
002423,中原特钢,股票
002443,金洲管道,股票
002478,常宝股份,股票
002487,大金重工,股票
002524,光正集团,股票
002541,鸿路钢构,股票
002545,东方铁塔,股票
002615,哈尔斯,股票
002743,富煌钢构,股票
300345,红宇新材,股票
600008,首创股份,股票
600292,远达环保,股票
600874,创业环保,股票
603126,中材节能,股票
603588,高能环境,股票
603686,龙马环卫,股票
000544,中原环保,股票
000598,兴蓉环境,股票
000826,启迪桑德,股票
002200,云投生态,股票
002549,凯美特气,股票
002573,清新环境,股票
002616,长青集团,股票
002672,东江环保,股票
300055,万邦达,股票
300070,碧水源,股票
300156,神雾环保,股票
300172,中电环保,股票
300187,永清环保,股票
300190,维尔利,股票
300197,铁汉生态,股票
300262,巴安水务,股票
300332,天壕环境,股票
300335,迪森股份,股票
300355,蒙草生态,股票
300388,国祯环保,股票
300422,博世科,股票
600059,古越龙山,股票
600084,中葡股份,股票
600090,同济堂,股票
600132,重庆啤酒,股票
600197,伊力特,股票
600199,金种子酒,股票
600238,海南椰岛,股票
600365,通葡股份,股票
600519,贵州茅台,股票
600543,莫高股份,股票
600559,老白干酒,股票
600573,惠泉啤酒,股票
600600,青岛啤酒,股票
600616,金枫酒业,股票
600702,沱牌舍得,股票
600779,水井坊,股票
600809,山西汾酒,股票
601579,会稽山,股票
603369,今世缘,股票
000557,西部创业,股票
000568,泸州老窖,股票
000596,古井贡酒,股票
000729,燕京啤酒,股票
000752,西藏发展,股票
000799,酒鬼酒,股票
000858,五 粮 液,股票
000860,顺鑫农业,股票
000869,张 裕Ａ,股票
000929,兰州黄河,股票
000995,皇台酒业,股票
002304,洋河股份,股票
002461,珠江啤酒,股票
002646,青青稞酒,股票
600025,华能水电,股票
600933,爱柯迪,股票
601019,山东出版,股票
603076,乐惠国际,股票
603080,新疆火炬,股票
603083,剑桥科技,股票
603161,科华控股,股票
603278,大业股份,股票
603283,赛腾股份,股票
603329,上海雅仕,股票
603365,水星家纺,股票
603477,振静股份,股票
603605,珀莱雅,股票
603619,中曼石油,股票
603655,朗博科技,股票
603661,恒林股份,股票
603685,晨丰科技,股票
603711,香飘飘,股票
603809,豪能股份,股票
603848,好太太,股票
603890,春秋电子,股票
603916,苏博特,股票
603917,合力科技,股票
603970,中农立华,股票
001965,招商公路,股票
002864,盘龙药业,股票
002911,佛燃股份,股票
002912,中新赛克,股票
002913,奥士康,股票
002915,中欣氟材,股票
002916,深南电路,股票
002917,金奥博,股票
002918,蒙娜丽莎,股票
002919,名臣健康,股票
002920,德赛西威,股票
002921,联诚精密,股票
002922,伊戈尔,股票
002923,润都股份,股票
300664,鹏鹞环保,股票
300684,中石科技,股票
300721,怡达股份,股票
300722,新余国科,股票
300723,一品红,股票
300725,药石科技,股票
300726,宏达电子,股票
300727,润禾材料,股票
300729,乐歌股份,股票
300730,科创信息,股票
300731,科创新源,股票
300732,设研院,股票
300735,光弘科技,股票
300736,N百华,股票
600112,*ST天成,股票
600202,哈空调,股票
600379,宝光股份,股票
600405,动力源,股票
600468,百利电气,股票
600482,中国动力,股票
600560,金自天正,股票
600577,精达股份,股票
600847,*ST万里,股票
600885,宏发股份,股票
601311,骆驼股份,股票
601616,广电电气,股票
603015,弘讯科技,股票
603606,东方电缆,股票
603703,盛洋科技,股票
603988,中电电机,股票
000049,德赛电池,股票
000922,*ST佳电,股票
002164,宁波东力,股票
002176,江特电机,股票
002249,大洋电机,股票
002266,浙富控股,股票
002298,中电鑫龙,股票
002309,中利集团,股票
002322,理工环科,股票
002334,英威腾,股票
002335,科华恒盛,股票
002339,积成电子,股票
002364,中恒电气,股票
002380,科远股份,股票
002452,长高集团,股票
002546,新联电子,股票
002576,通达动力,股票
002580,圣阳股份,股票
002606,大连电瓷,股票
002647,民盛金科,股票
002664,长鹰信质,股票
002665,首航节能,股票
002670,国盛金控,股票
002684,猛狮科技,股票
002706,良信电器,股票
002730,电光科技,股票
002733,雄韬股份,股票
300068,南都电源,股票
300140,中环装备,股票
300217,东方电热,股票
300222,科大智能,股票
300252,金信诺,股票
300265,通光线缆,股票
300274,阳光电源,股票
300283,温州宏丰,股票
300356,光一科技,股票
300376,易事特,股票
300403,地尔汉宇,股票
300407,凯发电气,股票
300438,鹏辉能源,股票
300447,全信股份,股票
600037,歌华有线,股票
600088,中视传媒,股票
600234,ST山水,股票
600373,中文传媒,股票
600551,时代出版,股票
600633,浙数文化,股票
600637,东方明珠,股票
600757,长江传媒,股票
600825,新华传媒,股票
600831,广电网络,股票
600959,江苏有线,股票
601098,中南传媒,股票
601801,皖新传媒,股票
601928,凤凰传媒,股票
601929,吉视传媒,股票
601999,出版传媒,股票
000156,华数传媒,股票
000504,南华生物,股票
000607,华媒控股,股票
000665,湖北广电,股票
000719,大地传媒,股票
000793,华闻传媒,股票
000835,长城动漫,股票
000917,电广传媒,股票
002071,长城影视,股票
002143,印纪传媒,股票
002181,粤 传 媒,股票
002238,天威视讯,股票
002292,奥飞娱乐,股票
002624,完美世界,股票
002712,思美传媒,股票
002739,万达电影,股票
300027,华谊兄弟,股票
300133,华策影视,股票
300148,天舟文化,股票
300251,光线传媒,股票
300291,华录百纳,股票
300336,新文化,股票
300364,中文在线,股票
300426,唐德影视,股票
600075,新疆天业,股票
600078,澄星股份,股票
600091,ST明科,股票
600135,乐凯胶片,股票
600141,兴发集团,股票
600155,宝硕股份,股票
600160,巨化股份,股票
600228,*ST昌九,股票
600229,城市传媒,股票
600249,两面针,股票
600273,嘉化能源,股票
600277,亿利洁能,股票
600281,太化股份,股票
600299,安迪苏,股票
600301,ST南化,股票
600309,万华化学,股票
600315,上海家化,股票
600319,亚星化学,股票
600328,兰太实业,股票
600339,中油工程,股票
600352,浙江龙盛,股票
600367,红星发展,股票
600378,天科股份,股票
600409,三友化工,股票
600481,双良节能,股票
600490,鹏欣资源,股票
600599,熊猫金控,股票
600618,氯碱化工,股票
600636,*ST爱富,股票
600722,金牛化工,股票
600746,江苏索普,股票
600844,*ST丹科,股票
600985,雷鸣科化,股票
601118,海南橡胶,股票
601208,东材科技,股票
601216,君正集团,股票
601678,滨化股份,股票
603002,宏昌电子,股票
603010,万盛股份,股票
603077,和邦生物,股票
603188,亚邦股份,股票
000510,金路集团,股票
000523,广州浪奇,股票
000545,金浦钛业,股票
000565,渝三峡Ａ,股票
000627,天茂集团,股票
000635,英 力 特,股票
000662,天夏智慧,股票
000683,远兴能源,股票
000698,沈阳化工,股票
000707,双环科技,股票
000737,南风化工,股票
000755,*ST三维,股票
000818,方大化工,股票
000822,山东海化,股票
000887,中鼎股份,股票
000985,大庆华科,股票
000990,诚志股份,股票
002010,传化智联,股票
002014,永新股份,股票
002037,久联发展,股票
002053,云南能投,股票
002054,德美化工,股票
002061,浙江交科,股票
002068,黑猫股份,股票
002092,中泰化学,股票
002094,青岛金王,股票
002096,南岭民爆,股票
002109,兴化股份,股票
002125,湘潭电化,股票
002136,安 纳 达,股票
002145,中核钛白,股票
002165,红 宝 丽,股票
002192,融捷股份,股票
002201,九鼎新材,股票
002211,宏达新材,股票
002217,合力泰,股票
002224,三 力 士,股票
002226,江南化工,股票
002246,北化股份,股票
002250,联化科技,股票
002256,兆新股份,股票
002319,乐通股份,股票
002326,永太科技,股票
002341,新纶科技,股票
002360,同德化工,股票
002361,神剑股份,股票
002377,国创高新,股票
002381,双箭股份,股票
002386,天原集团,股票
002395,双象股份,股票
002407,多氟多,股票
002408,齐翔腾达,股票
002409,雅克科技,股票
002411,必康股份,股票
002440,闰土股份,股票
002442,龙星化工,股票
002450,康得新,股票
002453,天马精化,股票
002455,百川股份,股票
002466,天齐锂业,股票
002476,宝莫股份,股票
002497,雅化集团,股票
002562,兄弟科技,股票
002581,未名医药,股票
002584,西陇科学,股票
002597,金禾实业,股票
002601,龙蟒佰利,股票
002632,道明光学,股票
002637,赞宇科技,股票
002643,万润股份,股票
002648,卫星石化,股票
002666,德联集团,股票
002669,康达新材,股票
002683,宏大爆破,股票
002709,天赐材料,股票
002741,光华科技,股票
002748,世龙实业,股票
300019,硅宝科技,股票
300031,宝通科技,股票
300037,新宙邦,股票
300041,回天新材,股票
300054,鼎龙股份,股票
300063,天龙集团,股票
300067,安诺其,股票
300072,三聚环保,股票
300082,奥克股份,股票
300107,建新股份,股票
300108,吉药控股,股票
300109,新开源,股票
300121,阳谷华泰,股票
300132,青松股份,股票
300135,宝利国际,股票
300174,元力股份,股票
300192,科斯伍德,股票
300200,高盟新材,股票
300214,日科化学,股票
300225,金力泰,股票
300236,上海新阳,股票
300237,美晨生态,股票
300243,瑞丰高材,股票
300285,国瓷材料,股票
300320,海达股份,股票
300343,联创互联,股票
300387,富邦股份,股票
300398,飞凯材料,股票
300405,科隆股份,股票
300429,强力新材,股票
300437,清水源,股票
300446,乐凯新材,股票
600048,保利地产,股票
600052,浙江广厦,股票
600053,九鼎投资,股票
600067,冠城大通,股票
600077,宋都股份,股票
600082,海泰发展,股票
600094,大名城,股票
600095,哈高科,股票
600113,浙江东日,股票
600133,东湖高新,股票
600159,大龙地产,股票
600162,香江控股,股票
600173,卧龙地产,股票
600175,美都能源,股票
600185,格力地产,股票
600208,新湖中宝,股票
600223,鲁商置业,股票
600225,*ST松江,股票
600239,云南城投,股票
600240,华业资本,股票
600246,万通地产,股票
600266,北京城建,股票
600322,天房发展,股票
600325,华发股份,股票
600340,华夏幸福,股票
600376,首开股份,股票
600383,金地集团,股票
600393,粤泰股份,股票
600463,空港股份,股票
600503,华丽家族,股票
600510,黑牡丹,股票
600533,栖霞建设,股票
600565,迪马股份,股票
600568,中珠医疗,股票
600606,绿地控股,股票
600615,丰华股份,股票
600621,华鑫股份,股票
600638,新黄浦,股票
600641,万业企业,股票
600657,信达地产,股票
600663,陆家嘴,股票
600665,天地源,股票
600675,中华企业,股票
600683,京投发展,股票
600684,珠江实业,股票
600696,*ST匹凸,股票
600716,凤凰股份,股票
600724,宁波富达,股票
600732,ST新梅,股票
600733,S*ST前锋,股票
600743,华远地产,股票
600745,闻泰科技,股票
600748,上实发展,股票
600767,*ST运盛,股票
600773,西藏城投,股票
600791,京能置业,股票
600807,天业股份,股票
600823,世茂股份,股票
600862,中航高科,股票
600890,中房股份,股票
601588,北辰实业,股票
000002,万 科Ａ,股票
000005,世纪星源,股票
000006,深振业Ａ,股票
000009,中国宝安,股票
000011,深物业A,股票
000014,沙河股份,股票
000024,招商地产,股票
000029,深深房Ａ,股票
000031,中粮地产,股票
000036,华联控股,股票
000038,深大通,股票
000040,东旭蓝天,股票
000042,中洲控股,股票
000043,中航地产,股票
000046,泛海控股,股票
000056,皇庭国际,股票
000402,金 融 街,股票
000502,绿景控股,股票
000505,珠江控股,股票
000506,中润资源,股票
000514,渝 开 发,股票
000517,荣安地产,股票
000526,*ST紫学,股票
000534,万泽股份,股票
000537,广宇发展,股票
000540,中天金融,股票
000558,莱茵体育,股票
000567,海德股份,股票
000573,粤宏远Ａ,股票
000608,阳光股份,股票
000609,绵石投资,股票
000616,海航投资,股票
000620,新华联,股票
000631,顺发恒业,股票
000656,金科股份,股票
000667,美好置业,股票
000668,荣丰控股,股票
000671,阳 光 城,股票
000691,亚太实业,股票
000718,苏宁环球,股票
000732,泰禾集团,股票
000736,中交地产,股票
000797,中国武夷,股票
000809,*ST新城,股票
000838,财信发展,股票
000861,海印股份,股票
000863,三湘印象,股票
000897,津滨发展,股票
000918,嘉凯城,股票
000926,福星股份,股票
000931,中 关 村,股票
000965,天保基建,股票
000979,中弘股份,股票
000981,银亿股份,股票
002016,世荣兆业,股票
002077,大港股份,股票
002133,广宇集团,股票
002146,荣盛发展,股票
002208,合肥城建,股票
002244,滨江集团,股票
002285,世联行,股票
002305,南国置业,股票
600000,浦发银行,股票
600015,华夏银行,股票
600016,民生银行,股票
600030,中信证券,股票
600036,招商银行,股票
600109,国金证券,股票
600291,西水股份,股票
600369,西南证券,股票
600643,爱建集团,股票
600705,中航资本,股票
600816,安信信托,股票
600830,香溢融通,股票
600837,海通证券,股票
600958,东方证券,股票
600999,招商证券,股票
601009,南京银行,股票
601099,太平洋,股票
601166,兴业银行,股票
601169,北京银行,股票
601198,东兴证券,股票
601288,农业银行,股票
601318,中国平安,股票
601328,交通银行,股票
601336,新华保险,股票
601377,兴业证券,股票
601398,工商银行,股票
601555,东吴证券,股票
601601,中国太保,股票
601628,中国人寿,股票
601688,华泰证券,股票
601788,光大证券,股票
601818,光大银行,股票
601901,方正证券,股票
601939,建设银行,股票
601988,中国银行,股票
601998,中信银行,股票
000001,平安银行,股票
000166,申万宏源,股票
000415,渤海金控,股票
000562,宏源证券,股票
000563,陕国投Ａ,股票
000686,东北证券,股票
000712,锦龙股份,股票
000728,国元证券,股票
000750,国海证券,股票
000776,广发证券,股票
000783,长江证券,股票
002142,宁波银行,股票
002500,山西证券,股票
002673,西部证券,股票
002736,国信证券,股票
600065,*ST联谊,股票
600092,S*ST精密,股票
600172,黄河旋风,股票
600516,方大炭素,股票
600607,上实医药,股票
600625,PT水仙,股票
600670,*ST斯达,股票
600700,*ST数码,股票
600709,ST生态,股票
600752,*ST哈慈,股票
600783,鲁信创投,股票
600788,*ST达曼,股票
600813,ST鞍一工,股票
600849,上药转换,股票
600852,*ST中川,股票
600899,*ST信联,股票
603022,新通联,股票
603023,威帝股份,股票
603026,石大胜华,股票
603108,润达医疗,股票
603116,红蜻蜓,股票
603198,迎驾贡酒,股票
603227,雪峰科技,股票
603300,华铁科技,股票
603311,金海环境,股票
603566,普莱柯,股票
603568,伟明环保,股票
603598,引力传媒,股票
603669,灵康药业,股票
603688,石英股份,股票
603718,海利生物,股票
603885,吉祥航空,股票
603901,永创智能,股票
603918,金桥信息,股票
603968,醋化股份,股票
603989,艾华集团,股票
900901,云赛Ｂ股,股票
900902,市北B股,股票
900903,大众Ｂ股,股票
900904,神奇B股,股票
900905,老凤祥Ｂ,股票
900906,中毅达B,股票
900907,鹏起Ｂ股,股票
900908,氯碱Ｂ股,股票
900909,华谊B股,股票
900910,海立Ｂ股,股票
900911,金桥Ｂ股,股票
900912,外高Ｂ股,股票
900913,国新B股,股票
900914,锦投Ｂ股,股票
900915,中路Ｂ股,股票
900916,凤凰B股,股票
900917,海欣Ｂ股,股票
900918,耀皮Ｂ股,股票
900919,绿庭B股,股票
900920,上柴Ｂ股,股票
900921,*ST丹科B,股票
900922,三毛B股,股票
900923,百联Ｂ股,股票
900924,上工Ｂ股,股票
900925,机电Ｂ股,股票
900926,宝信Ｂ,股票
900927,物贸Ｂ股,股票
900928,临港B股,股票
900929,锦旅Ｂ股,股票
900930,*ST沪普B,股票
900932,陆家Ｂ股,股票
900933,华新Ｂ股,股票
900934,锦江Ｂ股,股票
900935,阳晨Ｂ股,股票
900936,鄂资Ｂ股,股票
900937,华电Ｂ股,股票
900938,天海B,股票
900939,汇丽B,股票
900940,大名城B,股票
900941,东信Ｂ股,股票
900942,黄山Ｂ股,股票
900943,开开Ｂ股,股票
900945,海控Ｂ股,股票
900946,天雁B股,股票
900947,振华Ｂ股,股票
900948,伊泰Ｂ股,股票
900951,*ST大化B,股票
900952,锦港Ｂ股,股票
900953,凯马Ｂ,股票
900955,海创B股,股票
900956,东贝Ｂ股,股票
900957,凌云Ｂ股,股票
000003,PT金田A,股票
000013,*ST石化A,股票
000015,PT中浩A,股票
000047,ST中侨,股票
000405,ST鑫光,股票
000511,*ST烯碳,股票
000556,PT南洋,股票
000583,S*ST托普,股票
000658,ST海洋,股票
000660,*ST南华,股票
000675,ST银山,股票
000689,ST宏业,股票
000765,*ST华信,股票
000795,英洛华,股票
000832,*ST龙涤,股票
002088,鲁阳节能,股票
002297,博云新材,股票
002352,顺丰控股,股票
002710,慈铭体检,股票
002753,永东股份,股票
002755,东方新星,股票
002756,永兴特钢,股票
002757,南兴装备,股票
002758,华通医药,股票
002759,天际股份,股票
200011,深物业B,股票
200012,南 玻Ｂ,股票
200016,深康佳Ｂ,股票
200017,深中华B,股票
200018,神州B,股票
200019,深深宝Ｂ,股票
200020,深华发Ｂ,股票
200022,深赤湾Ｂ,股票
200025,特 力Ｂ,股票
200026,飞亚达Ｂ,股票
200028,一致Ｂ,股票
200029,深深房Ｂ,股票
200030,富奥B,股票
200037,深南电B,股票
200045,深纺织Ｂ,股票
200053,深基地Ｂ,股票
200054,建车B,股票
200055,方大Ｂ,股票
200056,皇庭B,股票
200058,深赛格B,股票
200152,山 航Ｂ,股票
200160,东沣B,股票
200168,舜喆B,股票
200413,东旭B,股票
200418,小天鹅Ｂ,股票
200429,粤高速Ｂ,股票
200468,*ST宁通B,股票
200488,晨 鸣Ｂ,股票
200505,珠江B,股票
200512,闽灿坤Ｂ,股票
200521,皖美菱Ｂ,股票
200530,大 冷Ｂ,股票
200539,粤电力Ｂ,股票
200541,粤照明Ｂ,股票
200550,江 铃Ｂ,股票
200553,沙隆达Ｂ,股票
200570,苏常柴Ｂ,股票
200581,苏威孚Ｂ,股票
200596,古井贡Ｂ,股票
200613,*ST东海B,股票
200625,长 安Ｂ,股票
200706,瓦轴B,股票
200725,京东方Ｂ,股票
200726,鲁 泰Ｂ,股票
200761,本钢板Ｂ,股票
200771,杭汽轮Ｂ,股票
200869,张 裕Ｂ,股票
200986,粤华包Ｂ,股票
200992,中 鲁Ｂ,股票
300064,豫金刚石,股票
300073,当升科技,股票
300179,四方达,股票
300361,奥赛康,股票
300450,先导智能,股票
300451,创业软件,股票
300452,山河药辅,股票
300453,三鑫医疗,股票
300455,康拓红外,股票
300456,耐威科技,股票
300457,赢合科技,股票
300458,全志科技,股票
300459,金科文化,股票
300460,惠伦晶体,股票
300461,田中精机,股票
300462,华铭智能,股票
300463,迈克生物,股票
300465,高伟达,股票
300466,赛摩电气,股票
300467,迅游科技,股票
300468,四方精创,股票
600007,中国国贸,股票
600064,南京高科,股票
600215,长春经开,股票
600604,市北高新,股票
600639,浦东金桥,股票
600648,外高桥,股票
600658,电子城,股票
600736,苏州高新,股票
600895,张江高科,股票
000628,高新发展,股票
600050,中国联通,股票
600074,ST保千里,股票
600076,康欣新材,股票
600100,同方股份,股票
600105,永鼎股份,股票
600130,波导股份,股票
600198,大唐电信,股票
600271,航天信息,股票
600288,大恒科技,股票
600289,ST信通,股票
600330,天通股份,股票
600345,长江通信,股票
600406,国电南瑞,股票
600410,华胜天成,股票
600446,金证股份,股票
600455,博通股份,股票
600476,湘邮科技,股票
600485,信威集团,股票
600487,亨通光电,股票
600498,烽火通信,股票
600522,中天科技,股票
600536,中国软件,股票
600556,ST慧球,股票
600562,国睿科技,股票
600570,恒生电子,股票
600571,信雅达,股票
600588,用友网络,股票
600601,方正科技,股票
600608,*ST沪科,股票
600654,*ST中安,股票
600677,航天通信,股票
600680,*ST上普,股票
600718,东软集团,股票
600728,佳都科技,股票
600734,实达集团,股票
600756,浪潮软件,股票
600764,中电广通,股票
600775,南京熊猫,股票
600776,东方通信,股票
600797,浙大网新,股票
600804,鹏博士,股票
600845,宝信软件,股票
600850,华东电脑,股票
600990,四创电子,股票
601519,*ST智慧,股票
603000,人民网,股票
603019,中科曙光,股票
603025,大豪科技,股票
603636,南威软件,股票
000021,深科技,股票
000032,深桑达Ａ,股票
000035,中国天楹,股票
000063,中兴通讯,股票
000066,中国长城,股票
000070,特发信息,股票
000503,海虹控股,股票
000532,华金资本,股票
000547,航天发展,股票
000555,神州信息,股票
000561,烽火电子,股票
000586,汇源通信,股票
000681,视觉中国,股票
000711,京蓝科技,股票
000748,长城信息,股票
000787,*ST创智,股票
000801,四川九洲,股票
000805,*ST炎黄,股票
000836,鑫茂科技,股票
000851,高鸿股份,股票
000892,欢瑞世纪,股票
000938,紫光股份,股票
000948,南天信息,股票
000970,中科三环,股票
000977,浪潮信息,股票
000997,新 大 陆,股票
002017,东信和平,股票
002027,分众传媒,股票
002052,同洲电子,股票
002063,远光软件,股票
002065,东华软件,股票
002073,软控股份,股票
002089,新 海 宜,股票
002090,金智科技,股票
002093,国脉科技,股票
002095,生 意 宝,股票
002115,三维通信,股票
002148,北纬科技,股票
002151,北斗星通,股票
002152,广电运通,股票
002153,石基信息,股票
002161,远 望 谷,股票
002174,游族网络,股票
002177,御银股份,股票
002180,纳思达,股票
002184,海得控制,股票
002194,武汉凡谷,股票
002195,二三四五,股票
002230,科大讯飞,股票
002231,奥维通信,股票
002232,启明信息,股票
002253,川大智胜,股票
002261,拓维信息,股票
002268,卫 士 通,股票
002279,久其软件,股票
002280,联络互动,股票
002281,光迅科技,股票
002296,辉煌科技,股票
002308,威创股份,股票
002312,*ST三泰,股票
002313,日海通讯,股票
002315,焦点科技,股票
002316,键桥通讯,股票
002331,皖通科技,股票
002351,漫步者,股票
002354,天神娱乐,股票
002362,汉王科技,股票
002368,太极股份,股票
002369,卓翼科技,股票
002373,千方科技,股票
002376,新北洋,股票
002383,合众思壮,股票
002384,东山精密,股票
002396,星网锐捷,股票
002401,中远海科,股票
002405,四维图新,股票
002410,广联达,股票
002417,三元达,股票
002421,达实智能,股票
002439,启明星辰,股票
002446,盛路通信,股票
002465,海格通信,股票
002467,二六三,股票
002474,榕基软件,股票
002491,通鼎互联,股票
002519,银河电子,股票
002528,英飞拓,股票
002544,杰赛科技,股票
002547,春兴精工,股票
002577,雷柏科技,股票
002583,海能达,股票
002609,捷顺科技,股票
002635,安洁科技,股票
002642,荣之联,股票
002649,博彦科技,股票
002657,中科金财,股票
300002,神州泰岳,股票
300010,立思辰,股票
300017,网宿科技,股票
300020,银江股份,股票
300025,华星创业,股票
300028,金亚科技,股票
300033,同花顺,股票
300036,超图软件,股票
300038,梅泰诺,股票
300042,朗科科技,股票
300044,赛为智能,股票
300045,华力创通,股票
300047,天源迪科,股票
300050,世纪鼎利,股票
300051,三五互联,股票
300052,中青宝,股票
300059,东方财富,股票
300065,海兰信,股票
300074,华平股份,股票
300075,数字政通,股票
300076,GQY视讯,股票
300079,数码科技,股票
300081,恒信东方,股票
300085,银之杰,股票
300096,易联众,股票
300098,高新兴,股票
300101,振芯科技,股票
300104,乐视网,股票
300113,顺网科技,股票
300130,新国都,股票
300134,大富科技,股票
300136,信维通信,股票
300150,世纪瑞尔,股票
300166,东方国信,股票
300167,迪威迅,股票
300168,万达信息,股票
300170,汉得信息,股票
300177,中海达,股票
300182,捷成股份,股票
300183,东软载波,股票
300188,美亚柏科,股票
300209,天泽信息,股票
300211,亿通科技,股票
300212,易华录,股票
300213,佳讯飞鸿,股票
300226,上海钢联,股票
300229,拓尔思,股票
300231,银信科技,股票
300235,方直科技,股票
300245,天玑科技,股票
300248,新开普,股票
300250,初灵信息,股票
300253,卫宁健康,股票
300264,佳创视讯,股票
300270,中威电子,股票
300271,华宇软件,股票
300275,梅安森,股票
300277,海联讯,股票
300282,汇冠股份,股票
300287,飞利信,股票
300288,朗玛信息,股票
300290,荣科科技,股票
300292,吴通控股,股票
300295,三六五网,股票
300297,蓝盾股份,股票
300299,富春股份,股票
300300,汉鼎宇佑,股票
300302,同有科技,股票
300310,宜通世纪,股票
300311,任子行,股票
300312,邦讯技术,股票
300315,掌趣科技,股票
300322,硕贝德,股票
300324,旋极信息,股票
300330,华虹计通,股票
300333,兆日科技,股票
300339,润和软件,股票
300348,长亮科技,股票
300352,北信源,股票
300353,东土科技,股票
300359,全通教育,股票
300365,恒华科技,股票
300366,创意信息,股票
300367,东方网力,股票
300369,绿盟科技,股票
300377,赢时胜,股票
300378,鼎捷软件,股票
300379,东方通,股票
300380,安硕信息,股票
300383,光环新网,股票
300386,飞天诚信,股票
300390,天华超净,股票
300392,腾信股份,股票
300394,天孚通信,股票
300397,天和防务,股票
300399,京天利,股票
300418,昆仑万维,股票
300419,浩丰科技,股票
300431,暴风集团,股票
300440,运达科技,股票
300448,浩云科技,股票
300449,汉邦高科,股票
600086,东方金钰,股票
600107,美尔雅,股票
600137,浪莎股份,股票
600177,雅戈尔,股票
600233,圆通速递,股票
600272,开开实业,股票
600295,鄂尔多斯,股票
600398,海澜之家,股票
600400,红豆股份,股票
600439,瑞贝卡,股票
600612,老凤祥,股票
600884,杉杉股份,股票
601566,九牧王,股票
601718,际华集团,股票
603001,奥康国际,股票
603518,维格娜丝,股票
603555,贵人鸟,股票
603808,歌力思,股票
002003,伟星股份,股票
002029,七 匹 狼,股票
002036,联创电子,股票
002044,美年健康,股票
002098,浔兴股份,股票
002154,报 喜 鸟,股票
002239,奥特佳,股票
002269,美邦服饰,股票
002291,星期六,股票
002293,罗莱生活,股票
002327,富安娜,股票
002345,潮宏基,股票
002397,梦洁股份,股票
002425,凯撒文化,股票
002485,希努尔,股票
002486,嘉麟杰,股票
002494,华斯股份,股票
002503,搜于特,股票
002517,恺英网络,股票
002563,森马服饰,股票
002569,步森股份,股票
002574,明牌珠宝,股票
002612,朗姿股份,股票
002634,棒杰股份,股票
002640,跨境通,股票
002656,摩登大道,股票
002674,兴业科技,股票
002687,乔治白,股票
002731,萃华珠宝,股票
002740,爱迪尔,股票
300005,探路者,股票
600083,博信股份,股票
600151,航天机电,股票
600171,上海贝岭,股票
600183,生益科技,股票
600203,福日电子,股票
600206,有研新材,股票
600207,安彩高科,股票
600237,铜峰电子,股票
600353,旭光股份,股票
600355,精伦电子,股票
600360,华微电子,股票
600363,联创光电,股票
600401,*ST海润,股票
600460,士兰微,股票
600478,科力远,股票
600537,亿晶光电,股票
600563,法拉电子,股票
600584,长电科技,股票
600602,云赛智联,股票
600667,太极实业,股票
600703,三安光电,股票
600707,彩虹股份,股票
600747,*ST大控,股票
600817,*ST宏盛,股票
600980,北矿科技,股票
601012,隆基股份,股票
601231,环旭电子,股票
601908,京运通,股票
603005,晶方科技,股票
603118,共进股份,股票
603328,依顿电子,股票
603678,火炬电子,股票
000020,深华发Ａ,股票
000050,深天马Ａ,股票
000058,深 赛 格,股票
000068,华控赛格,股票
000413,东旭光电,股票
000536,华映科技,股票
000636,风华高科,股票
000670,盈方微,股票
000725,京东方Ａ,股票
000727,华东科技,股票
000733,振华科技,股票
000810,创维数字,股票
000823,超声电子,股票
002025,航天电器,股票
002045,国光电器,股票
002049,紫光国芯,股票
002055,得润电子,股票
002056,横店东磁,股票
002057,中钢天源,股票
002079,苏州固锝,股票
002104,恒宝股份,股票
002106,莱宝高科,股票
002119,康强电子,股票
002129,中环股份,股票
002134,*ST普林,股票
002137,麦达数字,股票
002138,顺络电子,股票
002139,拓邦股份,股票
002141,贤丰控股,股票
002156,通富微电,股票
002179,中航光电,股票
002185,华天科技,股票
002188,巴士在线,股票
002189,利达光电,股票
002199,东晶电子,股票
002218,拓日新能,股票
002222,福晶科技,股票
002241,歌尔股份,股票
002273,水晶光电,股票
002288,超华科技,股票
002289,宇顺电子,股票
002371,北方华创,股票
002388,新亚制程,股票
002389,南洋科技,股票
002402,和而泰,股票
002426,胜利精密,股票
002436,兴森科技,股票
002449,国星光电,股票
002456,欧菲科技,股票
002463,沪电股份,股票
002475,立讯精密,股票
002484,江海股份,股票
002504,*ST弘高,股票
002506,协鑫集成,股票
002512,达华智能,股票
002579,中京电子,股票
002587,奥拓电子,股票
002600,江粉磁材,股票
002618,丹邦科技,股票
002636,金安国纪,股票
002638,勤上股份,股票
002654,万润科技,股票
002655,共达电声,股票
002724,海洋王,股票
002729,好利来,股票
002745,木林森,股票
300014,亿纬锂能,股票
300029,天龙光电,股票
300032,金龙机电,股票
300046,台基股份,股票
300053,欧比特,股票
300077,国民技术,股票
300078,思创医惠,股票
300083,劲胜智能,股票
300088,长信科技,股票
300102,乾照光电,股票
300111,向日葵,股票
300114,中航电测,股票
300115,长盈精密,股票
300118,东方日升,股票
300127,银河磁体,股票
300128,锦富技术,股票
300131,英唐智控,股票
300139,晓程科技,股票
300154,瑞凌股份,股票
300155,安居宝,股票
300162,雷曼股份,股票
300184,力源信息,股票
300205,天喻信息,股票
300207,欣旺达,股票
300215,电科院,股票
300219,鸿利智汇,股票
300220,金运激光,股票
300223,北京君正,股票
300224,正海磁材,股票
300227,光韵达,股票
300232,洲明科技,股票
300241,瑞丰光电,股票
300242,明家联合,股票
300256,星星科技,股票
300269,联建光电,股票
300279,和晶科技,股票
300296,利亚德,股票
300301,长方集团,股票
300303,聚飞光电,股票
300317,珈伟股份,股票
300319,麦捷科技,股票
300323,华灿光电,股票
300327,中颖电子,股票
300331,苏大维格,股票
300340,科恒股份,股票
300342,天银机电,股票
300346,南大光电,股票
300351,永贵电器,股票
300373,扬杰科技,股票
300389,艾比森,股票
300408,三环集团,股票
300414,中光防雷,股票
300433,蓝思科技,股票
600011,华能国际,股票
600021,上海电力,股票
600023,浙能电力,股票
600027,华电国际,股票
600098,广州发展,股票
600101,明星电力,股票
600110,诺德股份,股票
600116,三峡水利,股票
600131,岷江水电,股票
600236,桂冠电力,股票
600310,桂东电力,股票
600396,金山股份,股票
600452,涪陵电力,股票
600483,福能股份,股票
600505,西昌电力,股票
600509,天富能源,股票
600578,京能电力,股票
600642,申能股份,股票
600644,乐山电力,股票
600674,川投能源,股票
600726,华电能源,股票
600744,华银电力,股票
600769,祥龙电业,股票
600780,通宝能源,股票
600795,国电电力,股票
600863,内蒙华电,股票
600864,哈投股份,股票
600868,梅雁吉祥,股票
600869,智慧能源,股票
600886,国投电力,股票
600900,长江电力,股票
600969,郴电国际,股票
600979,广安爱众,股票
600995,文山电力,股票
601016,节能风电,股票
601991,大唐发电,股票
000027,深圳能源,股票
000037,深南电A,股票
000531,穗恒运Ａ,股票
000539,粤电力Ａ,股票
000543,皖能电力,股票
000600,建投能源,股票
000601,韶能股份,股票
000690,宝新能源,股票
000720,新能泰山,股票
000722,湖南发展,股票
000767,漳泽电力,股票
000791,甘肃电投,股票
000862,银星能源,股票
000875,吉电股份,股票
000883,湖北能源,股票
000899,赣能股份,股票
000939,凯迪生态,股票
000958,东方能源,股票
000966,长源电力,股票
000993,闽东电力,股票
001896,豫能控股,股票
002039,黔源电力,股票
002479,富春环保,股票
002692,睿康股份,股票
300423,鲁亿通,股票
600006,东风汽车,股票
600066,宇通客车,股票
600081,东风科技,股票
600093,易见股份,股票
600104,上汽集团,股票
600148,长春一东,股票
600166,福田汽车,股票
600178,东安动力,股票
600182,S佳通,股票
600213,亚星客车,股票
600303,曙光股份,股票
600335,国机汽车,股票
600375,华菱星马,股票
600418,江淮汽车,股票
600469,风神股份,股票
600480,凌云股份,股票
600501,航天晨光,股票
600523,贵航股份,股票
600609,金杯汽车,股票
600623,华谊集团,股票
600653,申华控股,股票
600660,福耀玻璃,股票
600676,交运股份,股票
600686,金龙汽车,股票
600698,湖南天雁,股票
600699,均胜电子,股票
600715,文投控股,股票
600741,华域汽车,股票
600742,一汽富维,股票
600760,中航黑豹,股票
600960,渤海活塞,股票
600991,广汽长丰,股票
601058,赛轮金宇,股票
601238,广汽集团,股票
601258,庞大集团,股票
601633,长城汽车,股票
601689,拓普集团,股票
601799,星宇股份,股票
601965,中国汽研,股票
603006,联明股份,股票
603009,北特科技,股票
603158,腾龙股份,股票
603166,福达股份,股票
603306,华懋科技,股票
603788,宁波高发,股票
603997,继峰股份,股票
000025,特 力Ａ,股票
000030,富奥股份,股票
000338,潍柴动力,股票
000550,江铃汽车,股票
000559,万向钱潮,股票
000572,海马汽车,股票
000581,威孚高科,股票
000589,黔轮胎Ａ,股票
000599,青岛双星,股票
000622,恒立实业,股票
000625,长安汽车,股票
000700,模塑科技,股票
000710,贝瑞基因,股票
000753,漳州发展,股票
000757,浩物股份,股票
000760,斯太尔,股票
000800,一汽轿车,股票
000868,安凯客车,股票
000927,一汽夏利,股票
000951,中国重汽,股票
000957,中通客车,股票
002013,中航机电,股票
002031,巨轮智能,股票
002048,宁波华翔,股票
002085,万丰奥威,股票
002126,银轮股份,股票
002190,成飞集成,股票
002213,特 尔 佳,股票
002265,西仪股份,股票
002283,天润曲轴,股票
002284,亚太股份,股票
002355,兴民智通,股票
002363,隆基机械,股票
002406,远东传动,股票
002434,万里扬,股票
002454,松芝股份,股票
002488,金固股份,股票
002510,天汽模,股票
002536,西泵股份,股票
002555,三七互娱,股票
002590,万安科技,股票
002593,日上集团,股票
002594,比亚迪,股票
002602,世纪华通,股票
002607,亚夏汽车,股票
002625,光启技术,股票
002662,京威股份,股票
002703,浙江世宝,股票
002708,光洋股份,股票
002715,登云股份,股票
002725,跃岭股份,股票
300100,双林股份,股票
300176,鸿特精密,股票
300258,精锻科技,股票
300304,云意电气,股票
300375,鹏翎股份,股票
300432,富临精工,股票
600337,美克家居,股票
600978,宜华生活,股票
603008,喜临门,股票
603600,永艺股份,股票
603818,曲美家居,股票
603898,好莱客,股票
000910,大亚圣象,股票
002084,海鸥卫浴,股票
002120,韵达股份,股票
002240,威华股份,股票
002259,升达林业,股票
002489,浙江永强,股票
002572,索菲亚,股票
002631,德尔未来,股票
002718,友邦吊顶,股票
002751,易尚展示,股票
600096,云天化,股票
600226,瀚叶股份,股票
600227,赤天化,股票
600230,沧州大化,股票
600389,江山股份,股票
600423,*ST柳化,股票
600426,华鲁恒升,股票
600470,六国化工,股票
600486,扬农化工,股票
600538,国发股份,股票
600596,新安股份,股票
600691,阳煤化工,股票
600727,鲁北化工,股票
600731,湖南海利,股票
600796,钱江生化,股票
600803,新奥股份,股票
603599,广信股份,股票
000155,川化股份,股票
000422,湖北宜化,股票
000525,红 太 阳,股票
000553,沙隆达Ａ,股票
000578,盐湖集团,股票
000731,四川美丰,股票
000792,盐湖股份,股票
000830,鲁西化工,股票
000902,新洋丰,股票
000912,*ST天化,股票
000950,*ST建峰,股票
000953,*ST河化,股票
002004,华邦健康,股票
002018,华信国际,股票
002113,天润数娱,股票
002170,芭田股份,股票
002215,诺 普 信,股票
002258,利尔化学,股票
002274,华昌化工,股票
002391,长青股份,股票
002470,金正大,股票
002496,辉丰股份,股票
002513,蓝丰生化,股票
002538,司尔特,股票
002539,云图控股,股票
002588,史丹利,股票
002734,利民股份,股票
002749,国光股份,股票
300261,雅本化学,股票
600054,黄山旅游,股票
600138,中青旅,股票
600258,首旅酒店,股票
600358,国旅联合,股票
600555,海航创新,股票
600593,大连圣亚,股票
600640,号百控股,股票
600706,曲江文旅,股票
600749,西藏旅游,股票
600754,锦江股份,股票
601007,金陵饭店,股票
601888,中国国旅,股票
603099,长白山,股票
603199,九华旅游,股票
603869,北部湾旅,股票
000007,全新好,股票
000033,新都退,股票
000069,华侨城Ａ,股票
000428,华天酒店,股票
000430,张家界,股票
000524,岭南控股,股票
000610,西安旅游,股票
000613,*ST东海A,股票
000721,西安饮食,股票
000802,北京文化,股票
000888,峨眉山Ａ,股票
000978,桂林旅游,股票
002033,丽江旅游,股票
002059,云南旅游,股票
002159,三特索道,股票
002186,全 聚 德,股票
002306,*ST云网,股票
002558,巨人网络,股票
002707,众信旅游,股票
300144,宋城演艺,股票
300178,腾邦国际,股票
600217,中再资环,股票
600318,新力金融,股票
600425,*ST青松,股票
600449,宁夏建材,股票
600539,狮头股份,股票
600553,太行水泥,股票
600585,海螺水泥,股票
600668,尖峰集团,股票
600678,四川金顶,股票
600720,祁连山,股票
600801,华新水泥,股票
600802,福建水泥,股票
600881,亚泰集团,股票
600883,博闻科技,股票
601992,金隅股份,股票
000401,冀东水泥,股票
000546,金圆股份,股票
000672,上峰水泥,股票
000789,万年青,股票
000877,天山股份,股票
000885,同力水泥,股票
000935,四川双马,股票
002233,塔牌集团,股票
002302,西部建设,股票
002346,柘中股份,股票
002619,艾格拉斯,股票
600058,五矿发展,股票
600120,浙江东方,股票
600128,弘业股份,股票
600153,建发股份,股票
600241,时代万恒,股票
600247,ST成城,股票
600250,南纺股份,股票
600278,东方创业,股票
600287,江苏舜天,股票
600382,广东明珠,股票
600500,中化国际,股票
600605,汇通能源,股票
600704,物产中大,股票
600739,辽宁成大,股票
600755,厦门国贸,股票
600822,上海物贸,股票
600826,兰生股份,股票
600981,汇鸿集团,股票
000151,中成股份,股票
000626,远大控股,股票
002091,江苏国泰,股票
600099,林海股份,股票
600877,*ST嘉陵,股票
601777,力帆股份,股票
603766,隆鑫通用,股票
000913,钱江摩托,股票
001696,宗申动力,股票
600210,紫江企业,股票
600836,界龙实业,股票
600880,博瑞传播,股票
601515,东风股份,股票
603729,龙韵股份,股票
000659,*ST中富,股票
000673,当代东方,股票
000812,陕西金叶,股票
002117,东港股份,股票
002191,劲嘉股份,股票
002228,合兴包装,股票
002229,鸿博股份,股票
002374,丽鹏股份,股票
002400,省广股份,股票
002599,盛通股份,股票
002701,奥瑞金,股票
002752,昇兴股份,股票
300057,万顺股份,股票
300058,蓝色光标,股票
300071,华谊嘉信,股票
600060,海信电器,股票
600261,阳光照明,股票
600336,澳柯玛,股票
600690,青岛海尔,股票
600839,四川长虹,股票
600854,春兰股份,股票
600870,厦华电子,股票
600983,惠而浦,股票
603366,日出东方,股票
603519,立霸股份,股票
000016,深康佳Ａ,股票
000100,TCL 集团,股票
000333,美的集团,股票
000418,小天鹅Ａ,股票
000521,美菱电器,股票
000527,美的电器,股票
000533,万 家 乐,股票
000541,佛山照明,股票
000651,格力电器,股票
000921,海信科龙,股票
002005,德豪润达,股票
002032,苏 泊 尔,股票
002035,华帝股份,股票
002076,雪 莱 特,股票
002242,九阳股份,股票
002260,德奥通航,股票
002290,中科新材,股票
002403,爱仕达,股票
002429,兆驰股份,股票
002473,*ST圣莱,股票
002508,老板电器,股票
002543,万和电气,股票
002668,奥马电器,股票
002677,浙江美大,股票
002681,奋达科技,股票
002705,新宝股份,股票
002723,金莱特,股票
